,Gender
0,men
1,women
2,women
3,women
4,women
5,women
6,women
7,women
8,women
9,women
10,women
11,women
12,women
13,women
14,women
15,women
16,women
17,women
18,women
19,women
20,women
21,women
22,women
23,women
24,women
25,women
26,women
27,women
28,women
29,women
30,women
31,women
32,women
33,women
34,women
35,women
36,women
37,women
38,women
39,women
40,women
41,women
42,women
43,women
44,women
45,women
46,women
47,women
48,women
49,women
50,women
51,women
52,women
53,women
54,women
55,women
56,women
57,women
58,women
59,women
60,women
61,women
62,women
63,women
64,women
65,women
66,women
67,women
68,women
69,women
70,women
71,women
72,women
73,women
74,women
75,women
76,women
77,women
78,women
79,women
80,women
81,women
82,women
83,women
84,women
85,women
86,women
87,women
88,women
89,women
90,women
91,women
92,women
93,women
94,women
95,women
96,women
97,women
98,women
99,women
100,women
101,women
102,women
103,women
104,women
105,women
106,women
107,women
108,women
109,women
110,women
111,women
112,women
113,women
114,women
115,women
116,women
117,women
118,women
119,women
120,women
121,women
122,women
123,women
124,women
125,women
126,women
127,women
128,women
129,women
130,women
131,women
132,women
133,women
134,women
135,women
136,women
137,women
138,women
139,women
140,women
141,women
142,women
143,women
144,women
145,women
146,women
147,women
148,women
149,women
150,women
151,women
152,women
153,women
154,women
155,women
156,women
157,women
158,women
159,women
160,women
161,women
162,women
163,women
164,women
165,women
166,women
167,women
168,women
169,women
170,women
171,women
172,women
173,women
174,women
175,women
176,women
177,women
178,women
179,women
180,women
181,women
182,women
183,women
184,women
185,women
186,women
187,women
188,women
189,women
190,women
191,women
192,women
193,women
194,women
195,women
196,women
197,women
198,women
199,women
200,women
201,women
202,women
203,women
204,women
205,women
206,women
207,women
208,women
209,women
210,women
211,women
212,women
213,women
214,women
215,women
216,women
217,women
218,women
219,women
220,women
221,women
222,women
223,women
224,women
225,women
226,women
227,women
228,women
229,women
230,women
231,women
232,women
233,women
234,women
235,women
236,women
237,women
238,women
239,women
240,women
241,women
242,women
243,women
244,women
245,women
246,women
247,women
248,women
249,women
250,women
251,women
252,women
253,women
254,women
255,women
256,women
257,women
258,women
259,women
260,women
261,women
262,women
263,women
264,women
265,women
266,women
267,women
268,women
269,women
270,women
271,women
272,women
273,women
274,women
275,women
276,women
277,women
278,women
279,women
280,women
281,women
282,women
283,women
284,women
285,women
286,women
287,women
288,women
289,women
290,women
291,women
292,women
293,women
294,women
295,women
296,women
297,women
298,women
299,women
300,women
301,women
302,women
303,women
304,women
305,women
306,women
307,women
308,women
309,women
310,women
311,women
312,women
313,women
314,women
315,women
316,women
317,women
318,women
319,women
320,women
321,women
322,women
323,women
324,women
325,women
326,women
327,women
328,women
329,women
330,women
331,women
332,women
333,women
334,women
335,women
336,women
337,women
338,women
339,women
340,women
341,women
342,women
343,women
344,women
345,women
346,women
347,women
348,women
349,women
350,women
351,women
352,women
353,women
354,women
355,women
356,women
357,women
358,women
359,women
360,women
361,women
362,women
363,women
364,women
365,women
366,women
367,women
368,women
369,women
370,women
371,women
372,women
373,women
374,women
375,women
376,women
377,women
378,women
379,women
380,women
381,women
382,women
383,women
384,women
385,women
386,women
387,women
388,women
389,women
390,women
391,women
392,women
393,women
394,women
395,men
396,men
397,men
398,men
399,men
400,men
401,men
402,men
403,men
404,men
405,men
406,men
407,men
408,men
409,men
410,men
411,men
412,men
413,men
414,men
415,men
416,men
417,men
418,men
419,men
420,men
421,men
422,men
423,men
424,men
425,men
426,men
427,men
428,men
429,men
430,men
431,men
432,men
433,men
434,men
435,men
436,men
437,men
438,men
439,men
440,men
441,men
442,men
443,men
444,men
445,men
446,men
447,men
448,men
449,men
450,men
451,men
452,men
453,men
454,men
455,men
456,men
457,men
458,men
459,men
460,men
461,men
462,men
463,men
464,men
465,men
466,men
467,men
468,men
469,men
470,men
471,men
472,men
473,men
474,men
475,men
476,men
477,men
478,men
479,men
480,men
481,men
482,men
483,men
484,men
485,men
486,men
487,men
488,men
489,men
490,men
491,men
492,men
493,men
494,women
495,men
496,men
497,men
498,men
499,men
500,men
501,men
502,men
503,men
504,men
505,men
506,men
507,men
508,men
509,men
510,men
511,men
512,men
513,men
514,men
515,men
516,men
517,men
518,men
519,men
520,men
521,men
522,men
523,men
524,men
525,men
526,men
527,men
528,men
529,men
530,men
531,men
532,men
533,men
534,men
535,men
536,men
537,men
538,men
539,men
540,men
541,men
542,men
543,men
544,men
545,men
546,men
547,men
548,men
549,men
550,men
551,men
552,men
553,men
554,men
555,men
556,men
557,men
558,men
559,men
560,men
561,men
562,men
563,men
564,men
565,men
566,men
567,men
568,men
569,men
570,men
571,men
572,men
573,men
574,men
575,men
576,men
577,men
578,men
579,men
580,men
581,men
582,men
583,men
584,men
585,men
586,men
587,men
588,men
589,men
590,men
591,men
592,men
593,men
594,men
595,men
596,men
597,men
598,men
599,men
600,men
601,men
602,men
603,men
604,men
605,men
606,men
607,men
608,men
609,men
610,men
611,men
612,men
613,men
614,men
615,men
616,men
617,men
618,men
619,men
620,men
621,men
622,men
623,men
624,men
625,men
626,men
627,men
628,men
629,men
630,men
631,men
632,men
633,men
634,men
635,men
636,men
637,men
638,men
639,men
640,men
641,men
642,men
643,men
644,men
645,men
646,men
647,men
648,men
649,men
650,men
651,men
652,men
653,men
654,men
655,men
656,men
657,men
658,men
659,men
660,men
661,men
662,men
663,men
664,men
665,men
666,men
667,men
668,men
669,men
670,men
671,men
672,men
673,men
674,men
675,men
676,men
677,men
678,men
679,men
680,men
681,men
682,men
683,men
684,men
685,men
686,men
687,men
688,men
689,men
690,men
691,men
692,men
693,men
694,men
695,men
696,men
697,men
698,men
699,men
700,men
701,men
702,men
703,men
704,men
705,men
706,men
707,men
708,men
709,men
710,men
711,men
712,men
713,men
714,men
715,men
716,men
717,men
718,men
719,men
720,men
721,men
722,men
723,men
724,men
725,men
726,men
727,men
728,men
729,men
730,men
731,men
732,men
733,men
734,men
735,men
736,men
737,men
738,men
739,men
740,men
741,men
742,men
743,men
744,men
745,men
746,men
747,men
748,men
749,men
750,men
751,men
752,men
753,men
754,men
755,men
756,men
757,men
758,men
759,men
760,men
761,men
762,men
763,men
764,men
765,men
766,men
767,men
768,men
769,men
770,men
771,men
772,men
773,men
774,men
775,men
776,men
777,men
778,men
779,men
780,men
781,men
782,men
783,men
784,men
785,men
786,men
787,men
788,women
